<ImportExportXml xmlns:xsi="http://www.w3.org/2001/XMLSchema-instance">
  <Entities></Entities>
  <Roles></Roles>
  <Workflows></Workflows>
  <FieldSecurityProfiles></FieldSecurityProfiles>
  <Templates />
  <EntityMaps />
  <EntityRelationships />
  <OrganizationSettings />
  <optionsets />
  <CustomControls>
    <CustomControl>
      <Name>msft_SampleNameSpace.FluentDetailsList</Name>
      <FileName>/Controls/msft_SampleNameSpace.FluentDetailsList/ControlManifest.xml</FileName>
    </CustomControl>
  </CustomControls>
  <EntityDataProviders />
  <CanvasApps>
    <CanvasApp>
      <Name>msft_detailslist_7ffb7</Name>
      <AppVersion>2023-09-05T12:59:02Z</AppVersion>
      <Status>Ready</Status>
      <CreatedByClientVersion>3.23082.20.0</CreatedByClientVersion>
      <MinClientVersion>3.23082.20.0</MinClientVersion>
      <Tags>{"primaryDeviceWidth":"2039","primaryDeviceHeight":"927","supportsPortrait":"true","supportsLandscape":"true","primaryFormFactor":"Tablet","showStatusBar":"false","publisherVersion":"3.23082.20","minimumRequiredApiVersion":"2.2.0","hasComponent":"false","hasUnlockedComponent":"false","isUnifiedRootApp":"false","sienaVersion":"20230905T092505Z-3.23082.20.0"}</Tags>
      <IsCdsUpgraded>0</IsCdsUpgraded>
      <GalleryItemId xsi:nil="true"></GalleryItemId>
      <BackgroundColor>RGBA(0,176,240,1)</BackgroundColor>
      <DisplayName>DetailsList</DisplayName>
      <Description xsi:nil="true"></Description>
      <CommitMessage xsi:nil="true"></CommitMessage>
      <Publisher xsi:nil="true"></Publisher>
      <AuthorizationReferences>[]</AuthorizationReferences>
      <ConnectionReferences>{}</ConnectionReferences>
      <DatabaseReferences>{"default.cds":{"databaseDetails":{"referenceType":"Environmental","environmentName":"default.cds","overrideValues":{"status":"NotSpecified"}},"dataSources":{"Accounts":{"entitySetName":"accounts","logicalName":"account"}},"components":[{"componentName":"CustomControl","identifier":"msft_SampleNameSpace.FluentDetailsList","identifierType":"LogicalName","capabilities":{"pcfExternalServiceUsageAllowed":false}},{"componentName":"CustomControl","identifier":"msft_SampleNameSpace.FluentDetailsList","identifierType":"LogicalName","capabilities":{"pcfExternalServiceUsageAllowed":false}}]}}</DatabaseReferences>
      <AppComponents>[]</AppComponents>
      <AppComponentDependencies>[]</AppComponentDependencies>
      <CanConsumeAppPass>1</CanConsumeAppPass>
      <CanvasAppType>0</CanvasAppType>
      <BypassConsent>0</BypassConsent>
      <AdminControlBypassConsent>0</AdminControlBypassConsent>
      <EmbeddedApp xsi:nil="true"></EmbeddedApp>
      <IntroducedVersion>1.0</IntroducedVersion>
      <CdsDependencies>{"cdsdependencies":[{"logicalname":"account","componenttype":1},{"dependencyid":"","logicalname":"msft_SampleNameSpace.FluentDetailsList","componenttype":66,"componenttypeplatformname":"CustomControl"},{"dependencyid":"","logicalname":"msft_SampleNameSpace.FluentDetailsList","componenttype":66,"componenttypeplatformname":"CustomControl"}]}</CdsDependencies>
      <IsCustomizable>1</IsCustomizable>
      <BackgroundImageUri>/CanvasApps/msft_detailslist_7ffb7_BackgroundImageUri</BackgroundImageUri>
      <DocumentUri>/CanvasApps/msft_detailslist_7ffb7_DocumentUri.msapp</DocumentUri>
    </CanvasApp>
  </CanvasApps>
  <Languages>
    <Language>1033</Language>
  </Languages>
</ImportExportXml>